Name;Job;Email;Domain;Phone;Company;Text;Age;Adress;Date
Brandon Smith;Accountant, chartered certified;meganmorrison@example.net;smith.net;747-860-9386;Poole LLC;Name customer price open hundred into. Politics million paper inside relationship.;60;566 Russell Villages Suite 314
Elizabethfurt, WI 97267;2013-05-11
Charles Taylor;Development worker, community;james43@example.com;cruz.com;6370457481;Willis, Walters and Aguilar;Method offer sound sort area condition. Perform career newspaper.;24;USNV Wise
FPO AE 52017;1993-10-25
Michael Newton;Financial risk analyst;millerrobert@example.net;gillespie-nunez.net;647-208-8188;Young PLC;Available new they think then still way begin. Environment heavy thus win Democrat over back.;19;5916 Amy Walks Apt. 103
West Jessicastad, NY 36630;1985-09-09
Joel Gonzalez;Sports therapist;timothyyoung@example.com;brewer-larson.biz;001-006-722-4519x8747;Wheeler and Sons;Fight poor reason alone. Great laugh most.;53;426 Cole Groves
New Kathyhaven, MN 17327;1980-08-17
Natalie Suarez;Bookseller;kwagner@example.com;young.org;(844)658-5738x59477;Richardson, King and Young;There sit these old pull recognize word. Start from church arrive realize media page bar.;29;9090 Chavez Stravenue
West Danielfort, VA 11908;2012-10-15
Albert Bell;Engineer, civil (consulting);sara79@example.net;whitehead.net;001-292-838-3978x839;Lopez Ltd;Become physical right whom few. Firm choice their energy daughter new perhaps size.;44;98295 Kathryn Lake Suite 474
New Jasontown, OH 83293;1991-02-27
Taylor Harris;Designer, television/film set;kristenmcgee@example.org;williams.com;187-444-7966;Rios-Hancock;Direction stay social long turn. These industry data test society natural quickly. Laugh maybe big.;39;49824 Cooley Pike
Coxstad, OH 10403;2000-02-12
Tiffany Brandt;Broadcast engineer;gonzalezalan@example.net;williams.info;191.996.6835;Smith-Carr;Leader receive any dream suggest no. Deep actually matter heavy year community significant clear.;18;768 Jacob Terrace
Owenbury, VA 11848;2007-10-04
Tiffany Cunningham;Health and safety inspector;briancardenas@example.com;morris-cooke.com;(584)515-8030x949;Mejia-Brown;Left push option floor from. Nearly phone beautiful yard image accept glass. Pm good expert almost.;50;8944 Reynolds Oval Suite 519
Nancyfurt, WY 72586;1973-04-15